{
  "p266": {
    "mean": 187.5668047997471,
    "std": 21.7111977983326,
    "max": 376.1280212402344,
    "min": 50.37684631347656
  },
  "p270": {
    "mean": 106.23142090840634,
    "std": 13.499452414213351,
    "max": 172.0406494140625,
    "min": 56.70237350463867
  },
  "p237": {
    "mean": 89.33731298962593,
    "std": 13.803607936017114,
    "max": 197.36489868164062,
    "min": 40.889896392822266
  },
  "p263": {
    "mean": 109.45713694139691,
    "std": 17.992642924184093,
    "max": 192.3251495361328,
    "min": 43.85630416870117
  },
  "p335": {
    "mean": 209.05143026652237,
    "std": 32.40300665756925,
    "max": 371.473876953125,
    "min": 88.41365051269531
  },
  "p228": {
    "mean": 201.04827754407572,
    "std": 28.89781406157594,
    "max": 343.4189758300781,
    "min": 68.82327270507812
  },
  "p301": {
    "mean": 176.83474620049896,
    "std": 21.949461432843542,
    "max": 257.40008544921875,
    "min": 89.48204040527344
  },
  "p326": {
    "mean": 86.69441306602499,
    "std": 11.763469359904498,
    "max": 151.2174835205078,
    "min": 40.937156677246094
  },
  "p310": {
    "mean": 244.232260080041,
    "std": 39.77771002958188,
    "max": 440.3475646972656,
    "min": 53.8338737487793
  },
  "p288": {
    "mean": 192.03983897029107,
    "std": 29.06469115595905,
    "max": 339.5445861816406,
    "min": 77.81259155273438
  },
  "p343": {
    "mean": 159.66486628845632,
    "std": 26.623411195905877,
    "max": 280.691650390625,
    "min": 56.7653694152832
  },
  "p264": {
    "mean": 198.6177753235762,
    "std": 22.851517214249892,
    "max": 348.9320983886719,
    "min": 40.23796463012695
  },
  "p281": {
    "mean": 96.09042569179093,
    "std": 13.117764368410802,
    "max": 169.49920654296875,
    "min": 45.52116012573242
  },
  "p273": {
    "mean": 162.20369103876038,
    "std": 28.00698942698969,
    "max": 388.9765319824219,
    "min": 42.892356872558594
  },
  "p339": {
    "mean": 206.9092679145247,
    "std": 29.845213465322256,
    "max": 395.5875549316406,
    "min": 69.36454010009766
  },
  "p341": {
    "mean": 186.28873951029638,
    "std": 31.371651899882256,
    "max": 315.6408386230469,
    "min": 55.91461181640625
  },
  "p299": {
    "mean": 178.52948559778696,
    "std": 30.395621494198092,
    "max": 341.9533386230469,
    "min": 45.8315544128418
  },
  "p286": {
    "mean": 139.46711192680075,
    "std": 23.466399928306622,
    "max": 240.65101623535156,
    "min": 49.577598571777344
  },
  "p268": {
    "mean": 209.14686966282886,
    "std": 32.66311689938003,
    "max": 330.8009948730469,
    "min": 79.77095031738281
  },
  "p333": {
    "mean": 187.00838148139292,
    "std": 28.801170246778963,
    "max": 305.175048828125,
    "min": 48.803321838378906
  },
  "p276": {
    "mean": 232.88111740409414,
    "std": 37.57394422698847,
    "max": 478.6584167480469,
    "min": 54.82196044921875
  },
  "p256": {
    "mean": 94.53500113548228,
    "std": 14.250615842825113,
    "max": 251.59117126464844,
    "min": 42.66779708862305
  },
  "p225": {
    "mean": 183.69540950253102,
    "std": 29.40774095681133,
    "max": 335.45989990234375,
    "min": 48.01626968383789
  },
  "p376": {
    "mean": 104.45483811341958,
    "std": 17.707810044656426,
    "max": 195.90940856933594,
    "min": 42.755516052246094
  },
  "p254": {
    "mean": 89.6544123423712,
    "std": 17.590927942739878,
    "max": 521.3363037109375,
    "min": 40.573612213134766
  },
  "p277": {
    "mean": 199.0565758160441,
    "std": 23.735464473404154,
    "max": 284.9627990722656,
    "min": 58.1547966003418
  },
  "p340": {
    "mean": 209.43921278912748,
    "std": 27.835762381963335,
    "max": 348.8285827636719,
    "min": 41.222232818603516
  },
  "p317": {
    "mean": 250.22190927547794,
    "std": 36.39590562850019,
    "max": 520.8858642578125,
    "min": 50.66531753540039
  },
  "p374": {
    "mean": 123.33478569335622,
    "std": 29.049692519461416,
    "max": 296.4808044433594,
    "min": 40.45524215698242
  },
  "p292": {
    "mean": 108.51144915693115,
    "std": 17.966688549629353,
    "max": 212.6140899658203,
    "min": 41.02241897583008
  },
  "p347": {
    "mean": 95.38718437465519,
    "std": 12.18414828864238,
    "max": 143.6361083984375,
    "min": 50.8834342956543
  },
  "p330": {
    "mean": 193.186867767112,
    "std": 24.543509483868295,
    "max": 297.7118225097656,
    "min": 46.03744888305664
  },
  "p245": {
    "mean": 95.49357399893047,
    "std": 14.289431847160401,
    "max": 165.13453674316406,
    "min": 42.07103729248047
  },
  "p302": {
    "mean": 123.42743079715035,
    "std": 18.2750375662803,
    "max": 211.37318420410156,
    "min": 57.9265022277832
  },
  "p282": {
    "mean": 193.55083881484296,
    "std": 27.34603035477489,
    "max": 388.7534484863281,
    "min": 60.87688064575195
  },
  "p257": {
    "mean": 210.4240967552056,
    "std": 28.9904827494371,
    "max": 352.4640808105469,
    "min": 96.31816101074219
  },
  "p279": {
    "mean": 125.26435818940722,
    "std": 24.125652840903125,
    "max": 252.1083984375,
    "min": 43.52880859375
  },
  "p362": {
    "mean": 204.36670107379342,
    "std": 34.12163033688038,
    "max": 454.8257751464844,
    "min": 90.29649353027344
  },
  "p351": {
    "mean": 223.32094763809528,
    "std": 20.82899177786335,
    "max": 314.9055480957031,
    "min": 125.82318115234375
  },
  "p303": {
    "mean": 219.39558959815898,
    "std": 36.319293680515784,
    "max": 368.044677734375,
    "min": 40.094757080078125
  },
  "p287": {
    "mean": 102.16660891590256,
    "std": 15.931422844828708,
    "max": 187.77085876464844,
    "min": 40.18850326538086
  },
  "p265": {
    "mean": 196.45972132511133,
    "std": 33.14160272904223,
    "max": 382.5567321777344,
    "min": 60.463096618652344
  },
  "p278": {
    "mean": 115.31142658968115,
    "std": 18.872993259839767,
    "max": 205.69667053222656,
    "min": 53.35262680053711
  },
  "p363": {
    "mean": 111.65163261899708,
    "std": 22.39757343779322,
    "max": 278.500244140625,
    "min": 40.5815544128418
  },
  "p250": {
    "mean": 210.59566406020883,
    "std": 35.89387497508014,
    "max": 388.6906433105469,
    "min": 43.92763137817383
  },
  "p285": {
    "mean": 123.9795913506589,
    "std": 21.956612957716814,
    "max": 236.64837646484375,
    "min": 46.916378021240234
  },
  "p271": {
    "mean": 119.58804562158997,
    "std": 15.495521060160133,
    "max": 307.2266845703125,
    "min": 58.65855407714844
  },
  "p306": {
    "mean": 190.63130996069177,
    "std": 23.754563419756554,
    "max": 316.92498779296875,
    "min": 54.29426956176758
  },
  "p230": {
    "mean": 193.4971089872057,
    "std": 30.180507961667367,
    "max": 322.01513671875,
    "min": 42.22804641723633
  },
  "p300": {
    "mean": 200.74951753921437,
    "std": 28.15534994336106,
    "max": 336.1123046875,
    "min": 69.45367431640625
  },
  "p323": {
    "mean": 229.47334493738978,
    "std": 58.514650323142696,
    "max": 599.419677734375,
    "min": 40.60541915893555
  },
  "p234": {
    "mean": 190.4669546414671,
    "std": 25.502122279718524,
    "max": 321.3721923828125,
    "min": 53.592079162597656
  },
  "p258": {
    "mean": 121.27015130385243,
    "std": 17.31227912126549,
    "max": 244.57733154296875,
    "min": 49.44462585449219
  },
  "p253": {
    "mean": 229.03161264490427,
    "std": 28.53928268951982,
    "max": 366.3857116699219,
    "min": 40.31864547729492
  },
  "p259": {
    "mean": 121.93712918231527,
    "std": 18.875150732571537,
    "max": 272.75982666015625,
    "min": 56.28487777709961
  },
  "p293": {
    "mean": 190.13595722964666,
    "std": 25.10802513642931,
    "max": 300.9972839355469,
    "min": 79.09306335449219
  },
  "p229": {
    "mean": 182.9622892384888,
    "std": 18.455528497457973,
    "max": 263.1113586425781,
    "min": 54.22048568725586
  },
  "p248": {
    "mean": 237.62166287201683,
    "std": 49.04045899983563,
    "max": 519.955810546875,